{
  "2": {
	"perf_counter_solve": [7.628410577774048, 10.190827369689941, 13.702723264694214, 18.091058492660522, 29.82136297225952, 32.45529341697693, 40.28051233291626],
	"process_time_solve": [614.469357528, 749.255155004, 833.0324778829997, 926.7743368019997, 1730.1542132879995, 1460.1759526130008, 1713.4730493300003],
	"perf_counter_resim": [2.8134114742279053, 3.2220592498779297, 3.5683095455169678, 4.063693046569824, 4.519905090332031, 4.725582122802734, 5.87800931930542],
	"process_time_resim": [209.39437568300002, 211.63365205499986, 209.6056566780003, 210.7343364530002, 211.48478195699954, 190.5618413050006, 216.7848704400003],
	"_comment": "here are the computation times for 2 assets and polynomial degrees 1 to 7"
  },
  "3": {
	"perf_counter_solve": [19.402515411376953, 22.969449043273926, 42.38217616081238, 49.65293836593628, 75.70571160316467, 91.25496244430542, 100.97242546081543],
	"process_time_solve": [1743.075688029001, 1295.0153863570013, 1914.4262579650003, 1570.2544938139981, 2184.3949981840015, 2279.8864636430008, 2518.277011897],
	"perf_counter_resim": [3.954383611679077, 4.7723681926727295, 5.573267221450806, 6.858447551727295, 7.943402528762817, 9.057706832885742, 9.912734746932983],
	"process_time_resim": [225.89445220000016, 226.69087872899945, 227.49436491399865, 228.77686987299967, 229.70517793899853, 231.0064237159968, 230.76889627099808],
	"_comment": "here are the computation times for 3 assets and polynomial degrees 1 to 7"
  },
  "5": {
	"perf_counter_solve": [51.32412314414978, 76.30334520339966, 119.37142825126648, 106.8943943977356, 155.67748308181763, 178.17383527755737, 212.47984647750854],
	"process_time_solve": [3680.119778409, 3758.8163076959972, 3983.0705207239953, 2381.9899569400004, 3087.8222989409987, 3429.8345013650032, 4160.03579966],
	"perf_counter_resim": [7.204183340072632, 8.281306743621826, 10.268056631088257, 11.90252423286438, 13.731390476226807, 16.021681547164917, 18.37753939628601],
	"process_time_resim": [230.09981742600212, 231.1679174580022, 233.16126400199573, 234.65313496199815, 236.1537624429984, 236.94139608099795, 241.06147740500455],
	"_comment": "here are the computation times for 5 assets and polynomial degrees 1 to 7"
  },
  "10": {
	"perf_counter_solve": [112.1906590461731, 189.8404848575592, 179.24520087242126, 227.8789632320404, 358.66633009910583, 365.6667923927307, 448.40770196914673],
	"process_time_solve": [5221.651457735999, 6595.317573674998, 4318.577803401997, 4859.7027668920055, 6237.352856943995, 5655.863565288993, 6748.817556736001],
	"perf_counter_resim": [14.860308647155762, 17.785294771194458, 20.127106428146362, 23.04361081123352, 29.144192218780518, 29.211612224578857, 32.77102303504944],
	"process_time_resim": [241.84506521700678, 244.74140344999614, 244.4098586780019, 249.91664372300147, 255.8762811219931, 255.88938523600518, 259.6577839060046],
	"_comment": "here are the computation times for 10 assets and polynomial degrees 1 to 7"
  },
  "20": {
	"perf_counter_solve": [240.3805012702942, 314.49179553985596, 344.20150351524353, 476.6207206249237, 503.88444685935974, 529.5784351825714, 881.4598672389984],
	"process_time_solve": [9291.792449144006, 9418.981378991011, 8860.934710305999, 10502.154474534997, 10417.118314927997, 9767.938061397028, 13902.731489368016],
	"perf_counter_resim": [33.03997588157654, 36.37235617637634, 39.62914299964905, 43.36774754524231, 46.061423778533936, 48.55980730056763, 57.88176512718201],
	"process_time_resim": [273.6486004130129, 277.1355710009957, 278.05959682998946, 284.7981565470109, 287.72375876500155, 289.9744290779927, 298.6761929250206],
	"_comment": "here are the computation times for 20 assets and polynomial degrees 1 to 7"
  },
  "30": {
	"perf_counter_solve": [312.0489137172699, 451.89970111846924, 355.5508921146393, 537.0703065395355, 665.4605219364166, 786.0467541217804, 980.7070150375366],
	"process_time_solve": [13367.623929555004, 15101.207759312005, 10178.102449746017, 14072.917581340997, 15299.676976823015, 14959.47483092401, 17096.633994234027],
	"perf_counter_resim": [46.449119567871094, 52.91316246986389, 51.64263558387756, 58.89091968536377, 64.24616503715515, 74.02683925628662, 78.97834467887878],
	"process_time_resim": [303.36088774199015, 309.126059310016, 307.70880174200283, 314.8253097619745, 320.2045103510027, 326.69055745599326, 335.045804829977],
	"_comment": "here are the computation times for 30 assets and polynomial degrees 1 to 7"
  },
  "50": {
	"perf_counter_solve": [307.1636574268341, 475.65934205055237, 587.9049320220947, 938.4291152954102, 1566.2295105457306, 2152.163393974304, 2822.3074378967285],
	"process_time_solve": [14835.424029263027, 17070.94088025001, 17923.809187225997, 27552.621253418038, 45817.881557454006, 49580.78809713799, 60038.851282541],
	"perf_counter_resim": [76.74506139755249, 83.1558928489685, 89.11666917800903, 97.59630393981934, 107.41054630279541, 119.74609875679016, 136.83214116096497],
	"process_time_resim": [363.9285162209999, 370.7880774860387, 374.06135509797605, 382.6688580830232, 394.94655056198826, 406.5185686110053, 423.2008656300022],
	"_comment": "here are the computation times for 50 assets and polynomial degrees 1 to 7"
  },
  "100": {
	"perf_counter_solve": [699.4221022129059, 1602.8687336444855, 1916.4073045253754, 3360.671884536743, 3600.9117760658264, 5456.253465414047, 5451.669740200043],
	"process_time_solve": [33679.484202678956, 66102.06455571903, 75890.58780406101, 121347.78203279001, 110215.53302101605, 145624.57108926086, 112842.80972774397],
	"perf_counter_resim": [151.9928102493286, 164.09002423286438, 177.20615577697754, 202.52758836746216, 222.13346672058105, 243.402770280838, 273.12331366539],
	"process_time_resim": [507.2101008599857, 532.2338125810493, 542.9823051840067, 565.4041935249697, 591.5785649860045, 593.928037750069, 642.8675548958126],
	"_comment": "here are the computation times for 100 assets and polynomial degrees 1 to 7"
  },
  "200": {
	"perf_counter_solve": [1248.8477029800415, 2741.2022268772125, 6809.705454826355, 7346.755378007889, 10517.676781654358, 13181.873260259628, 14892.505146980286],
	"process_time_solve": [62086.305072081974, 115092.57722363807, 279329.9134256721, 236405.65398616996, 369704.4985710208, 357412.22301376704, 305176.63940779073],
	"perf_counter_resim": [323.62147068977356, 339.12537574768066, 374.0211145877838, 405.71962451934814, 455.4608256816864, 486.3591914176941, 550.4288837909698],
	"process_time_resim": [1131.922069442924, 1160.0358213409781, 1181.0835563640576, 1217.6260892429855, 1267.4036671640351, 1274.524531058967, 1360.07656156132],
	"_comment": "here are the computation times for 200 assets and polynomial degrees 1 to 7"
  },
  "500": {
	"perf_counter_solve": [3069.8836727142334, 4807.251935243607, 24102.249027252197, 44584.31097316742, 20924.3818860054, 23177.72521018982, 29573.37683224678],
	"process_time_solve": [132621.26382552227, 187152.51056908676, 1011034.7098905765, 1698402.8154354962, 563633.2389215576, 526105.972650663, 469810.5171439117],
	"perf_counter_resim": [858.9196970462799, 899.2648258209229, 1028.524132490158, 1155.270319700241, 1189.1107630729675, 1263.8313479423523, 1475.864002943039],
	"process_time_resim": [2726.7665456118993, 2734.113170593977, 2864.4680471727625, 2973.76075776387, 3099.418149113655, 3096.829857750796, 3303.274715360254],
	"_comment": "here are the computation times for 500 assets and polynomial degrees 1 to 7"
  },
  "750": {
	"perf_counter_solve": [5772.094563007355, 9799.482646942139, 28213.785392522812, 63629.446513175964, 1, 1, 1],
	"process_time_solve": [296106.3979308652, 384570.6539382357, 1124592.1118192878, 2301455.2443392407, 1, 1, 1],
	"perf_counter_resim": [1289.25621175766, 1353.4093894958496, 1486.4973998069763, 1597.9602262973785, 1, 1, 1],
	"process_time_resim": [6205.213395811617, 6304.604815546423, 6457.788068929687, 6708.835031213239, 1, 1, 1],